text,label_id,label
2.6 حقوق الملكية الفكرية: ويُقصد بها براءة اختراع أو حقوق طبع ونسخ أو تصميم أو نماذج أو علامة تجارية، بما في ذلك العلامات التجارية المسجلة وغير المسجلة، والاسم التجاري، وكذلك الحقوق المستمرة والموثقة، وكذلك الحقوق المحمية بموجب نظام حماية الملكية الفكرية، وكافة الحقوق التي تنم ملكيتها أو حيازتها أو استخدامها بموجب أحكام هذه الاتفاقية.,0,منخفض الخطورة
طرف أول بائع: [توقيع]. طرف ثانٍ مشترٍ: [توقيع]. الشهود: 1) .......... 2) ..........,0,منخفض الخطورة
6.5 سلّم الشريك الأول نصيبه من قيمة المال النقدي وقدره [غير محدد] ريال سعودي، وذلك بموجب المصروفات الملحقة بنص هذا العقد.,0,منخفض الخطورة
قائمة موقعين (توقيع/بصمة) مرقمة من 1 إلى 6، جميعهم يحملون على الأرجح نفس اسم العائلة [يبدو 'محروس' أو مشابه، غير مؤكد بالكامل]، مع بصمة إبهام كبيرة أسفل الصفحة وتوقيعات إضافية في أسفل يسار الصفحة. الأسماء الفردية غير واضحة بثقة كافية.,0,منخفض الخطورة
مادة (45): تسري أحكام القانون المصري فيما لم يرد بشأنه نص خاص في هذا العقد.,0,منخفض الخطورة
مادة (46): حُرر هذا العقد بمدينة بجمهورية مصر العربية من عدد نسخة، لكل من الشركاء نسخة. ويُنشر هذا العقد طبقاً للقانون.,0,منخفض الخطورة
مادة (19): تمثل الجمعية العامة جميع الشركاء، ولا يجوز انعقادها إلا في مدينة [يُراعى أن تكون إحدى هذه المدن هي مدينة المركز الرئيسي للشركة].,0,منخفض الخطورة
المادة الثالثة عشرة: فسخ الشركة: تُفسخ الشركة قبل نهاية مدتها في حالة وجود خسائر، ويكون ذلك بإجماع الشركاء.,1,متوسط الخطورة
المادة الثالثة: توزيع الأرباح والخسائر. يتم الاتفاق على آلية توزيع الأرباح وتحمل الخسائر بين الطرفين، ويتم تحديد نسبة كل طرف في الأرباح والخسائر وفقًا للاتفاق الوارد في هذا العقد.,0,منخفض الخطورة
ثامناً: تحرر هذا العقد من نسختين بيد كل طرف نسخة للعمل بها عند اللزوم [الصياغة الدقيقة غير مؤكدة بالكامل].,0,منخفض الخطورة
البند الثالث عشر: يقر الطرفان بأن عنوانهما المبين بصدر هذا العقد محلاً مختاراً يُوجَّه إليه كافة الأوراق المتعلقة بهذا العقد، وأي إخطارات أو إعلانات تُوجَّه على هذا العنوان تكون صحيحة ومنتجة لآثارها القانونية، ما لم يخطر أحد الطرفين الآخر بأي تغيير في العنوان بخطاب موصى عليه بعلم الوصول أو بموجب إعلان رسمي.,0,منخفض الخطورة
ثانياً: باع وأسقط وتنازل بكافة الضمانات القانونية والفعلية الطرف الأول إلى الطرف الثاني حصة وقدرها الثلث في العقار الموضح في البند التمهيدي وهو ما تملكه البائعة في العقار المبيع والمتخلف لها وللمشتري من مورثتهم المرحومة/ نعيمة محمد فرجاني.,0,منخفض الخطورة
يُصرّح المشتري بأنه قد تفقد العين محل التعاقد بنفسه وبشكل كافٍ، وأنه استلمها ووضع يده عليها دون أي إشكال، وأنه يتحمل من تاريخ التسليم جميع الرسوم والمستحقات الخاصة بها.,2,عالي الخطورة
أي تأخير من الطرف الثاني في سداد الأقساط المتفق عليها يترتب عليه فسخ هذا العقد فسخاً تلقائياً بلا حاجة لأي إجراء قضائي أو إنذار مسبق.,2,عالي الخطورة
عقد تأسيس شركة - شركة مصرية ذات مسئولية محدودة خاضعة لأحكام قانون الاستثمار الصادر بالقانون رقم 72 لسنة 2017. صادر عن: قطاع الشؤون القانونية - الإدارة المركزية للشؤون القانونية للتأسيس والشركات - الإدارة العامة للعقود وقرارات التأسيس (الهيئة العامة للاستثمار والمناطق الحرة). تم إبرام هذا العقد في يوم الموافق / / بين كل من (جدول بأسماء المؤسسين وجنسياتهم وتاريخ ميلادهم وإثبات شخصيتهم ومحال إقامتهم).,0,منخفض الخطورة
"ثانياً: تم هذا البيع نظير ثمن قدره 92,000 (فقط [كتابة بالحروف غير واضحة]) فيكون جملة الثمن مبلغ وقدره 92,000 جنيه فقط. دفعه المشتري للبائع قبل تحرير هذا العقد ويعتبر توقيع الطرف الأول على هذا العقد بمثابة إيصال منه باستلام جميع هذا الثمن.",1,متوسط الخطورة
المادة الخامسة: التعويضات. يتم تحديد أية تعويضات مالية أو غيرها لأحد الطرفين في حالة وجود تغييرات أو تعديلات على شروط الشراكة، وذلك بموافقة الطرف الآخر.,0,منخفض الخطورة
المادة الثالثة: مقر الشركة: كائن بالعقار رقم ........ بشارع .............. قسم ................. محافظة ............................,0,منخفض الخطورة
رابعاً: يضمن البائع خلو الأرض المبيعة من جميع الحقوق العينية والرهون.,1,متوسط الخطورة
ثالثاً: دُفع هذا الثمن قبل تحرير هذا العقد، ويعتبر توقيع الطرف الأول على هذا العقد بمثابة إيصال منه باستلام هذا الثمن [صياغة الجملة الدقيقة غير مؤكدة بالكامل].,1,متوسط الخطورة
يحق لفودافون مصر تعديل بنود وشروط هذا العقد من جانبها في أي وقت، ويكفي إخطار العميل كتابةً قبل نفاذ التعديل بمدة محددة، دون الحاجة لموافقته الصريحة على التعديل.,2,عالي الخطورة
المادة الخامسة: مدة الشركة: تبدأ من ../../.. وتنتهي في ../../.. قابلة للتجديد لمدة أخرى مماثلة، ما لم يخطر أحد الشركاء الآخرين - بموجب إنذار على يد محضر أو بخطاب موصى عليه بعلم الوصول - برغبته في الانفصال، قبل نهاية مدة الشركة بمدة شهر على الأقل.,0,منخفض الخطورة
مادة (38): مع مراعاة أحكام المواد من (103) إلى (109) من قانون الشركات ولائحته التنفيذية، يكون للشركة مراقب حسابات أو أكثر ممن تتوافر فيهم شروط قانون مزاولة مهنة المحاسبة والمراجعة رقم 133 لسنة 1951، تُعينه الجمعية العامة وتقدر أتعابه. واستثناءً مما تقدم عيَّن الشركاء السيد/ الكائن مقره في مراقباً أول لحسابات الشركة. ويسأل المراقب عن صحة البيانات الواردة في تقريره بوصفه وكيلاً عن مجموع الشركاء، ولكل شريك أثناء انعقاد الجمعية العامة أن يناقش تقرير المراقب ويستوضحه عما ورد به.,0,منخفض الخطورة
ثالثاً: يضمن الطرف الأول خلو العين من جميع الرهون والديون أياً كانت، كما يضمن خلو العين من كافة الموانع الشرعية والإشكالات القانونية مع مسؤوليته عنها في حال وجودها، وضامناً متضامناً صحة ونفاذ عقد البيع في الحال والمستقبل، وعدم معارضة الغير بتسليم العين، ويلزم بتسليمها وقت طلبها دون تأخير.,1,متوسط الخطورة
المادة السابعة عشرة: حُرر هذا العقد من ................ نسخ، بيد كل شريك نسخة للعمل بها وقت اللزوم.,0,منخفض الخطورة
البند السابع: يقر الطرف الأول بأن للطرف الثاني (المشتري) نسبة في مساحة الأرض المقام عليها العقار، وذلك حسب مساحة الوحدة المباعة والدور الموجود به الوحدة المباعة، أو ما يوازي مساحة الوحدة المباعة إلى باقي وحدات العقار.,0,منخفض الخطورة
الطرف الأول (المتنازِل): [توقيع]. الطرف الثاني (المتنازَل إليه): علاء محمود سعد الحسيني الجندي [توقيع]. الشهود: 1- محمود [بقية الاسم غير واضحة بالكامل]. 2- [الاسم غير واضح بالكامل].,0,منخفض الخطورة
مادة (1): يعتبر التمهيد السابق جزءاً لا يتجزأ من هذا العقد.,0,منخفض الخطورة
التمهيد: يمتلك الطرف الأول (البائع) شقة (الدور 3) [أو الدور الأول] رقم (97) [الرقم غير مؤكد بالكامل]، مكونة من ثلاث غرف وصالة ومطبخ وحمام، بالإضافة إلى ما بها من عداد كهرباء وعداد مياه [غير مؤكد]، والتي يمتلكها الطرف الأول (البائع) عن طريق مشروع التمويل العقاري بالإسكان الاجتماعي - منطقة المنيا الجديدة (الصفا)، وحيث إن الطرف الثاني (المشتري) يرغب في شراء هذه الوحدة السكنية بالإسكان الاجتماعي منطقة المنيا الجديدة (الصفا)، فقد اتفق الطرفان على أن تحكم العلاقة بينهما الأحكام الواردة بهذه الاتفاقية.,0,منخفض الخطورة
8- [بند يتعلق بعلاوات أو مكافآت مالية (مبلغ يبدو 250 ريال سعودي) - الصياغة الدقيقة غير واضحة بالقدر الكافي للنقل الموثوق].,0,منخفض الخطورة
مادة (21): يرأس اجتماع الجمعية العامة المدير/أحد المديرين. ويُعين الرئيس أميناً للسر وجامعي أصوات لفرز الأصوات على أن تُقر الجمعية العامة تعيينهم، ويجب أن يحضر الاجتماع المدير/أحد المديرين على الأقل.,0,منخفض الخطورة
سادساً: أن هذا البيع الصادر من البائعة هو فيما يخص نصيبها في الشقة موضوع العقد وأنها تمتلك مقدار الثلث في المبيع، وأن باقي الملكية هي ملكاً للمشتري وهي (ثلثي المبيع) (الشقة) طبقاً لإعلام الوراثة الذي يخص مورثتهم (والدتهم) المرحومة/ نعيمة محمد فرجاني.,0,منخفض الخطورة
6- مدة هذا العقد سنتان تبدأ من [تاريخ غير مؤكد بالكامل، يبدو 2019 أو 2020] وتتجدد تلقائيًا لمدة أخرى مماثلة ما لم يُخطر أحد الطرفين الآخر [بمهلة تبدو شهرًا قبل الانتهاء].,0,منخفض الخطورة
الطرف الأول (البائع): بهي محمد فهمي النجار [توقيع]. الطرف الثاني (المشتري): علاء محمود سعد الحسيني الجندي [توقيع]. الشهود: 1- [الاسم غير واضح بالكامل]. 2- [الاسم غير واضح بالكامل].,0,منخفض الخطورة
مادة (27): تجتمع الجمعية العامة غير العادية بناءً على دعوة من إدارة الشركة، كما تلتزم إدارة الشركة بتوجيه الدعوة بناءً على طلب يقدمه عدد من الشركاء يمثل 10% من رأس مال الشركة على الأقل، فإذا لم تدعُ إدارة الشركة خلال شهر واحد كان للطالبين التقدم بطلبهم إلى الجهة الإدارية لتتولى توجيه الدعوة. وتختص الجمعية العامة غير العادية بـ: 1- تعديل عقد الشركة (بمراعاة عدم زيادة التزامات الشركاء، ويقع باطلاً كل قرار يمس حقوق الشريك الأساسية). 2- زيادة رأس مال الشركة أو تخفيضه. 3- إضافة أغراض مكملة أو مرتبطة أو قريبة من غرض الشركة الأصلي. 4- إطالة أمد الشركة أو تقصيره، أو دمجها، أو حلها قبل موعدها، أو تغيير نسبة الخسارة الموجبة لحلها إجبارياً. 5- النظر في عزل المدير/المديرين.,1,متوسط الخطورة
مادة (7): تخول الحصص جميع الشركاء حقوقاً متساوية في الحصول على الأرباح وفي اقتسام موجودات الشركة عند التصفية، ولا يلتزم الشركاء إلا في حدود قيمة حصصهم. ويترتب على ملكية الحصص قبول أحكام هذا العقد وقرارات جمعيتها العامة الصادرة طبقاً لأحكام قانون الشركات ولائحته التنفيذية وأحكام هذا العقد.,0,منخفض الخطورة
مادة: يُعين مجلس الرقابة من بين أعضائه رئيساً وأميناً للسر، وعند غياب الرئيس يُعين المجلس العضو الذي يقوم بأعمال الرئيس مؤقتاً. ويعقد المجلس اجتماعاته في مركز الشركة الرئيسي أو في أي مكان آخر يحدده خطاب الدعوة، بناءً على دعوة الرئيس أو عدد من أعضائه، ويجوز دعوته لانعقاد غير عادي بناءً على طلب إدارة الشركة. ويكون انعقاد المجلس صحيحاً بحضور نصف عدد أعضائه على الأقل بما فيهم الرئيس، بشرط ألا يقل عدد الحاضرين عن ثلاثة، وتصدر القرارات بأغلبية أصوات الأعضاء الحاضرين، وإذا تساوت الأصوات يُرجَّح الجانب الذي منه الرئيس. وتُثبت مداولات المجلس وقراراته في محاضر تُدون في سجل خاص مرقومة صفحاته، ويوقع عليها الرئيس وأمين السر، ويُصدق رئيس المجلس على صور ومستخرجات هذه المحاضر.,0,منخفض الخطورة
خامساً: تعهد الطرف الأول (البائع) بتقديم جميع مستندات التمليك والتوقيع على العقد الرسمي النهائي وقت طلب المشتري، وإذا تأخر يلزم بجميع مصاريف صحة ونفاذ عقد البيع رسمية وغير رسمية.,0,منخفض الخطورة
مادة (39): مع مراعاة حكم المادة (60) من قانون المحاماة الصادر بالقانون رقم 17 لسنة 1983، يجب على إدارة الشركة أن تتعاقد مع أحد المحامين المقبولين أمام محاكم الاستئناف على الأقل للعمل مستشاراً قانونياً للشركة، وذلك بالشروط والمدة المتفق عليها. واستثناءً من ذلك عيَّن الشركاء الأستاذ/ المحامي بـ الكائن مقره في مستشاراً قانونياً أول للشركة.,0,منخفض الخطورة
مادة (6): حُدد رأسمال الشركة بمبلغ ( ) موزع على عدد ( ) حصة قيمة كل منها ( )، منها عدد حصة عينية وعدد حصة نقدية، وقد تم توزيع هذه الحصص بين الشركاء (جدول يتضمن: اسم صاحب الحصة، جنسيته، عدد الحصص العينية، عدد الحصص النقدية، نوع الحصص العينية، القيمة، العملة التي تم الوفاء بها، نسبة المشاركة). وتبلغ نسبة المشاركة المصرية %، وقد أودع رأسمال الشركة في بنك فرع المرخص له بتلقي الاكتتابات العامة بموجب الشهادة المرفقة. وتؤول ملكية الحصص العينية - في حالة وجودها - للشركة من تاريخ اكتسابها الشخصية الاعتبارية، كما تنتقل جميع الحقوق والالتزامات المتعلقة بالشركة إليها من ذات التاريخ، كما اتفق المؤسسون على تقدير الحصة العينية المقدمة من السيد/ بمبلغ جنيهاً مصرياً.,0,منخفض الخطورة
ثالثاً: يضمن الطرف الأول خلو الأطيان المباعة من جميع الديون والامتيازات والاختصاصات وكافة الحقوق العينية والأموال الأميرية أياً كانت، متضامناً على صحة ونفاذ هذا العقد.,1,متوسط الخطورة
2.4 رأس المال: هو إجمالي المبالغ المساهم بها في رأس مال هذا المشروع وفقًا لهذه الاتفاقية.,0,منخفض الخطورة
سابعاً: [نص إضافي بخط اليد غير واضح بالكامل، يحتاج مراجعة كاملة من الأصل].,0,منخفض الخطورة
الطرف الأول البائع: [توقيع]. الطرف الثاني المشتري: [توقيع]. شاهد: [الاسم ورقم البطاقة غير واضحين بالكامل].,0,منخفض الخطورة
4- يُمنح الطرف الثاني تذكرة سفر واحدة كل سنتين حسب ما يحدده الطرف الأول، للسفر إلى بلده الأصلي أو إلى المملكة العربية السعودية.,0,منخفض الخطورة
إنه في يوم الاثنين الموافق 2016/12/12 بناحية سلامون تحرر بين الموقعين أدناه: السيد/ بهي محمد فهمي النجار، بطاقة قومي رقم 27112051601259، المقيم بناحية كفر الحاج أحمد / سلامون / بسيون / غربية (طرف أول بائع). وبين السيد/ علاء محمود سعد الحسيني الجندي، بطاقة قومي رقم 27810091601218، المقيم بناحية سلامون / بسيون / غربية (طرف ثانٍ مشترٍ). وبعد أن أقر الطرفان بأهليتهما القانونية للتعاقد وعلى إبرام مثل هذا التصرف فقد اتفقا على ما يلي:,0,منخفض الخطورة
الطرف الأول (البائع): [توقيع]. الطرف الثاني (المشتري): [توقيع]. الشهود: [الأسماء بخط اليد غير واضحة بالكامل].,0,منخفض الخطورة
ثامناً: تحرر هذا العقد من نسختين بيد كل طرف نسخة للعمل بها عند اللزوم.,0,منخفض الخطورة
خامساً: في حالة ما تأخر الطرف الثاني المشتري في سداد المبلغ المتبقي من الثمن المتفق عليه وفي الميعاد المحدد سالف الذكر، فإن هذا العقد يُعتبر مفسوخاً من تلقاء نفسه دون حاجة إلى تنبيه أو إنذار أو حكم قضائي أو أي إجراء قانوني آخر.,2,عالي الخطورة
البند الثالث / الالتزامات المالية - 3: يتم استحقاق هذه النسبة المالية للتحصيل فور استحقاق كل خدمة ناجحة.,0,منخفض الخطورة
10- أحكام عامة: يحق لفودافون مصر رفض أي تسهيلات أو اتصالات غير مرخص بها في العقد، ولا تتحمل مسؤولية الأخطاء الناتجة عن مخالفة العميل للقوانين واللوائح المصرية. يحق لفودافون مصر تعديل بنود العقد بإخطار العميل كتابةً قبل 30 يوماً على الأقل. تُحل المنازعات ودياً، وما لا يُسوَّى منها تختص به محاكم القاهرة. يحق لفودافون مصر التنازل لطرف ثالث عن تحصيل مستحقاتها لدى العميل دون اعتراض العميل. كما يحق للشركة قطع أي خط يُستخدم لأغراض غير مشروعة، أو لغرض غير المرخص له، أو للمضايقة (المعاكسات)، بعد إخطار العميل، ما لم يعترض العميل خلال شهرين من تاريخ العقد.,2,عالي الخطورة
خامساً: يقوم الطرف الأول بترويج هذه الاتفاقية والخصومات على منسوبي الجمعية ومستفيديها. [الصياغة الدقيقة غير مؤكدة بالكامل].,0,منخفض الخطورة
في حال إخلال المشتري بالتزامه بسداد أي جزء من الثمن، يُفسخ العقد تلقائياً دون إعذار أو رجوع للقضاء، ويكون للبائع الحق في استرجاع المبيع فوراً.,2,عالي الخطورة
"2- تعاريف: يوضح هذا البند تعريفات الألفاظ الواردة بالعقد، ومنها: أ- العقد: يعني عقد ""فودافون بزنس"" بكافة وثائقه وشروطه لتقديم خدمة اتصال العميل بشبكة ""فودافون مصر"". ب- التليفون: أي جهاز محمول متوافق مع شبكة فودافون مصر. ج- بطاقة SIM: البطاقة الذكية التي تسلمها فودافون مصر للعميل عند التوقيع، ويكون العميل مسؤولاً عنها. د- خطة الأسعار: الخطة التي يختارها العميل من بين البدائل المتاحة.",0,منخفض الخطورة
4- يتعهد الطرف الثاني بالالتزام بالمواعيد والضوابط التي يحددها الطرف الأول، وذلك وفقًا للأنظمة التي تحددها الهيئة السعودية للتخصصات الصحية فيما يخص عمل الصيادلة. [الصياغة الدقيقة لهذا البند غير مؤكدة بالكامل].,0,منخفض الخطورة
المادة الثانية: المسؤوليات والتزامات الطرفين. يتعهد كل طرف بتحديد مسؤولياته والالتزام بها، وذلك بما يتمثل في تقديم الموارد والمساهمات المالية والبشرية المطلوبة لتحقيق الأهداف المشتركة.,0,منخفض الخطورة
4- توفير الكادر المختص لتشغيل المطبعة وحسب احتياجات المطبعة من كادر المعهد. 5- يتعهد الطرف الأول باستحصال كتاب يؤكد حصرية طباعة أي مطبوع أو منشور أو أي ملزمة دراسة خاصة بالجامعة بهذه المطبعة فقط، وعدم طبع أي شيء خارج هذه المطبعة إلا بعد اعتذار المطبعة رسميًا عن طباعة هذا المطبوع.,0,منخفض الخطورة
ثالث عشر: إذا أخل الطرف الثاني المشتري لأي سبب من الأسباب موضوع هذا العقد والشروط المبينة أعلاه، يكون ملزمًا بدفع مبلغ قدره [غير واضح] للطرف الأول البائع عما لحق به من خسارة تأخير.,0,منخفض الخطورة
7- الانتقال: يتحمل الطرف الأول نفقات انتقال الطرف الثاني [التفاصيل الدقيقة لبدل الانتقال غير مؤكدة بالكامل].,0,منخفض الخطورة
البند الخامس عشر: تحرر هذا العقد من نسختين، كل نسخة مكونة من ورقة واحدة ذات وجهين، وذلك للعمل بموجبه عند اللزوم، وذلك بعد أن تُليَ على كل من الطرفين ووقّع منهما أمام الشهود. والله خير الشاهدين.,0,منخفض الخطورة
يقر المشتري بأنه فحص العقار المبيع فحصاً تاماً كافياً لنفي أي جهالة، وأنه استلمه ووضع يده عليه دون أي اعتراض، ويصبح من تاريخه وحده مسؤولاً عن سداد كل ما يخص هذا العقار من أموال أو رسوم.,2,عالي الخطورة
البند السادس: يقر الطرف الثاني (المشتري) بأنه قام بمعاينة الوحدة السكنية محل هذا العقد المعاينة النافية للجهالة، والتي بموجبها ارتضى وقبل بالحالة التي عليها هذا العقار، دون حاجة إلى تحرير محضر معاينة.,2,عالي الخطورة
المادة الأولى: الأهداف والغايات. يتفق الطرفان على تحديد الأهداف والغايات المشتركة لهذه الشراكة، وذلك بما يشمل وصف الأنشطة المقترحة والأهداف المحتملة لتلك الأنشطة.,0,منخفض الخطورة
مادة (9): يجوز بقرار من جماعة الشركاء بالأغلبية العددية الحائزة على ثلاثة أرباع رأس المال تخفيض رأس مال الشركة عن طريق إنقاص عدد الحصص أو استرداد بعضها أو تخفيض القيمة الاسمية لكل منها.,1,متوسط الخطورة
البند الأول / الشراكة والخدمات - 2: هذه الاتفاقية لا تشكل علاقة عمل (موظف وصاحب عمل)، وعليه فإن الطرف الثاني -طوال مدة سريان هذه الاتفاقية- يُعتبر بمثابة مقاول مستقل، وهو بذلك غير مطالب بأية التزامات وظيفية أو صلاحيات تجاه الطرف الأول.,0,منخفض الخطورة
مادة (22): تُوجه الدعوة لحضور اجتماع الجمعية العامة للشركاء بموجب خطاب موصى عليه مصحوب بعلم الوصول أو باليد مقابل إيصال، وتُرسل لكل شريك قبل موعد انعقادها بواحد وعشرين يوماً على الأقل في محل إقامته الثابت بسجل الشركاء. ويجب أن يتضمن إخطار الدعوة بيان جدول الأعمال ومكان وزمان الاجتماع، ويوضع جدول الأعمال بمعرفة الجهة التي وجهت الدعوة للانعقاد.,0,منخفض الخطورة
بحكم طبيعتها كشركة تضامن، يتحمل كل شريك مسؤولية شخصية وتضامنية غير محدودة عن ديون الشركة، بما يشمل أمواله الخاصة إذا لم تكف أموال الشركة للوفاء بالتزاماتها.,2,عالي الخطورة
ثالثاً: يقر الطرف الأول البائع أن الأرض المبيعة مملوكة له بطريق [غير واضح بالكامل، يُحتمل أنه الميراث].,0,منخفض الخطورة
مادة (36): يُستعمل الاحتياطي بقرار من الجمعية العامة بناءً على اقتراح المديرين فيما يعود على الشركة بالنفع.,0,منخفض الخطورة
أقر الطرف الثاني المشتري بمعاينته الكاملة للعين المبيعة ورضاه التام بحالتها الراهنة، وأنه استلمها فعلياً ووضع يده عليها بلا منازعة من أي جهة، وأصبح ملتزماً منفرداً بكل الأعباء المالية المرتبطة بها اعتباراً من هذا التاريخ.,2,عالي الخطورة
حادي عشر: يتعهد الطرفان بالحضور أمام الشهر العقاري للتوقيع على العقد النهائي في الموعد الذي يحدده الشهر العقاري المختص، وذلك دون أي تأخير من الطرفين حسب الموافق.,0,منخفض الخطورة
9- التأمين: يلتزم العميل بدفع تأمين قدره 1000 جنيه للمكالمات الدولية عند طلب الخدمة، وقد يُضاف تأمين إضافي قدره 1500 جنيه للمكالمات الدولية، ويُحاسب العميل على المكالمات الدولية طبقاً للتعريفة المحددة سواء داخل حد التأمين أو خارجه. ويحق لفودافون مصر طلب تأمين إضافي في أي وقت أثناء سريان العقد بشرط إخطار العميل كتابةً قبل 30 يوماً على الأقل، كما يحق لها الامتناع عن تشغيل الخط في حال عدم سداد التأمين المستحق.,2,عالي الخطورة
البند الثاني: الهدف من الشركة: العمل في مجال الاستثمار والتمويل [الصياغة الدقيقة غير مؤكدة بالكامل].,0,منخفض الخطورة
"ثانياً: تم هذا البيع نظير مبلغ إجمالي وقدره 114,000 (فقط مائة وأربعة عشر ألف جنيه)، أقر البائع بقبضه كامل الثمن من يد ومال المشتري، وأصبحت ذمة المشتري خالية من تاريخه، ويعتبر توقيع البائع بمثابة مخالصة نهائية بالثمن.",1,متوسط الخطورة
إذا تأخر الطرف الثاني عن سداد أي قسط من أقساط الثمن في موعده، اعتُبر هذا العقد مفسوخاً من تلقاء نفسه دون حاجة لإنذار أو استصدار حكم قضائي، ويحق للبائع استرداد العين دون رد ما دفع منها.,2,عالي الخطورة
12- أحكام العقد: يلتزم الطرفان بجميع الأحكام والقواعد النظامية المعمول بها بموجب هذا العقد، وبأية شروط تنص عليها الأنظمة السعودية ذات الصلة.,0,منخفض الخطورة
البند الثالث: تنتقل ملكية الأرض موضوع التعامل إلى المشتري حيث أنه دفع جملة الثمن إلى البائع، ولا يحق له التنازل عنها للغير إلا بموافقة البائعين كتابة، وللبائعين مطلق الحرية في إعطاء التنازل أو منعه، وإذا صرح البائعون بهذا التنازل استحق لهم تعويض قدره [غير واضح] عن كل تنازل.,2,عالي الخطورة
أولاً: باع الطرف الأول بكافة الضمانات القانونية والفعلية إلى الطرف الثاني (المشتري) القابل للشراء، ما هو الأطيان الموضحة بالجدول أعلاه، والبالغ قدرها [المساحة غير مؤكدة بالكامل] فقط لا غير، أرض زراعية مقاس الملك.,0,منخفض الخطورة
سادس عشر: تحرر هذا العقد من نسختين تحت يد كل طرف نسخة، وقد تسلمها عند التوقيع على هذا العقد النهائي.,0,منخفض الخطورة
مادة (11): يُعد بالمركز الرئيسي للشركة سجل خاص للشركاء يتضمن: 1- أسماء الشركاء وجنسياتهم ومحال إقامتهم ومهنهم. 2- عدد الحصص التي يملكها كل شريك ومقدار ما دفعه. 3- حالات التنازل عن الحصص أو انتقال ملكيتها، مع بيان تاريخ توقيع المتنازل والمتنازل إليه في حالة التصرف بين الأحياء، وتوقيع المدير ومن آلت إليه الحصة بالإرث أو الوصية، ولا يكون للتنازل أو الانتقال أثر في مواجهة الشركة أو الغير إلا من تاريخ قيده في السجل. ويجوز لكل شريك ولكل ذي مصلحة من غير الشركاء الاطلاع على هذا السجل في ساعات عمل الشركة. وترسل إدارة الشركة خلال شهر يناير من كل سنة قائمة تشتمل على البيانات الواردة في هذا السجل إلى الجهة الإدارية، كما يتعين عليها إخطار الجهة الإدارية بأي تغيير يطرأ على بيانات سجل الشركاء خلال خمسة أيام على الأكثر من تاريخ إثباته بالسجل.,0,منخفض الخطورة
رابعاً: يضمن الطرف الأول (البائع) خلو هذا المبيع من جميع الحقوق العينية والأعباء [التفاصيل الدقيقة غير واضحة].,1,متوسط الخطورة
5- تعيين موظف من قبل الطرف الثاني لإدارة المطبعة، ويكون موظف بدوام كامل وثابت داخل المطبعة. 6- إجراء الصيانة وتصليح المطبعة من قبل الطرف الثاني. 7- يقوم الطرف الثاني بتدريب كادر المعهد على التشغيل والطباعة.,0,منخفض الخطورة
مادة (28): لا يكون اجتماع الجمعية العامة غير العادية للنظر في المسائل الواردة بالبنود (1، 2، 3، 4) من المادة (27) صحيحاً إلا إذا حضره شركاء يمثلون ثلاثة أرباع رأس المال على الأقل، فإذا لم يتوافر الحد الأدنى وجبت دعوة اجتماع ثانٍ خلال الثلاثين يوماً التالية، ويكون صحيحاً بحضور شركاء يمثلون ثلاثة أرباع رأس المال على الأقل، وتصدر القرارات بموافقة الأغلبية العددية الحائزة لثلاثة أرباع رأس المال. ولا يكون اجتماعها للنظر في عزل أحد المديرين صحيحاً إلا بحضور شركاء يمثلون نصف رأس المال على الأقل، فإن لم يتوافر وجبت دعوة اجتماع ثانٍ يكون صحيحاً بنفس النصاب، وتصدر القرارات بموافقة الأغلبية العددية الحائزة لثلاثة أرباع رأس المال الممثل في الاجتماع الذي ينظر العزل. ويجوز الاكتفاء بالدعوة إلى الاجتماع الأول إذا حُدد فيها موعد الاجتماع الثاني.,0,منخفض الخطورة
ثامناً: تحرر هذا العقد من صورتين بيد كل طرف صورة منه، والله تعالى خير الشاهدين.,0,منخفض الخطورة
عقد بيع ابتدائي لشقة سكنية ببرج أم النور. إنه في يوم الموافق / / تحرر هذا العقد بين كل من: أولاً: السيد/ .......... (طرف أول بائع). ثانياً: السيد/ .......... (طرف ثانٍ مشترٍ). بعد أن أقر الطرفان بأهليتهما القانونية للتصرف والتعاقد اتفقا على ما يلي:,0,منخفض الخطورة
البند الرابع: يمتلك الطرف الأول (البائع) هذه الوحدة السكنية عن طريق التخصيص من مشروع التمويل العقاري للوحدات السكنية بالإسكان الاجتماعي.,0,منخفض الخطورة
بند توزيع الأرباح: يتم توزيع الأرباح بين الطرفين بنسبة 50% لكل طرف [النص الدقيق لهذا البند وشروط الدفع غير مؤكد بالكامل، يحتاج مراجعة من الأصل].,0,منخفض الخطورة
2.1 المشروع: المشروع التجاري محل الاتفاقية (..........).,0,منخفض الخطورة
الطرف الأول: جمعية بير الشماسنة الخيرية، الأستاذ/ علي بن عبدالرحمن الصميعي (التوقيع). الطرف الثاني: شركة الرونية الجديدة [الاسم الدقيق غير مؤكد بالكامل] (التوقيع). يلي ذلك عدة أرقام حسابات بنكية (IBAN) خاصة بالجمعية.,0,منخفض الخطورة
واجبات الطرف الأول: 1- يقوم الطرف الأول بتهيئة المكان وتجهيزه بكل مستلزمات العمل من كهرباء وتبريد وإنارة إلخ. 2- يكون مكان المطبعة داخل مباني المعهد. 3- الأمن والحراسة من واجبات الطرف الأول لأن المكان ضمن الحرم الجامعي.,0,منخفض الخطورة
بند إضافي: ----------,0,منخفض الخطورة
1.3 اتفق الطرفان على أن تعتبر المقدمة الواردة أعلاه، وهذا التمهيد وملاحق العقد جزءاً لا يتجزأ من الاتفاقية ومكملاً ومتمماً ومفسراً لها عند اللزوم.,0,منخفض الخطورة
رابعاً: يقر الطرف الأول بأنه تملك الأطيان المباعة منه أعلاه بطريق الشراء بموجب عقد عرفي بيده.,0,منخفض الخطورة
رابعاً: يقر الطرف الأول (المتنازِل) بتسليم الأرض المبيعة للمشتري (المتنازَل إليه) فور طلب المتنازَل إليه، ويقر المتنازِل بأن الملكية قد آلت إليه بطريق الشراء من إسماعيل فتحي زناتي.,0,منخفض الخطورة
2-ب: يستحق الطرف الثاني بدل سكن قدره 2145 ريال، لقاء نفس ساعات العمل المذكورة.,0,منخفض الخطورة
3.3 يمارس المشروع أنشطته وفق الأنظمة السارية والمعمول بها بالمملكة العربية السعودية بما لا يتعارض مع هذه الاتفاقية، طبقًا للتراخيص اللازمة من الجهات المختصة -إن وجدت-.,0,منخفض الخطورة
المادة الأولى: اسم الشركة: .................، والسمة التجارية لها: ..........,0,منخفض الخطورة
القسم المالي للمشاركة: 1- يفتح الطرف الثاني سجلات محاسبة وتخضع للتدقيق كل شهر. 2- يتم حسم نسبة 15% من القيمة الإجمالية إلى الطرف الأول.,0,منخفض الخطورة
1- الوظيفة: يعمل الطرف الثاني لدى الطرف الأول بوظيفة: مهندس.,0,منخفض الخطورة
البند الخامس: يقر الطرف الأول بأنه لا يملك حق التصرف في الشقة موضوع هذا العقد بأي وجه من أوجه التصرف القانونية إلا وفقاً لما جاء بهذا العقد. ويلتزم الطرف الأول (البائع) بسداد كافة الديون والمستحقات المتعلقة بهذه الشقة حتى تاريخ توقيع هذا العقد [تفاصيل إضافية عن حقوق الانتفاع والالتزامات غير واضحة بالكامل].,0,منخفض الخطورة
أولاً: باع الطرف الأول بكافة الضمانات القانونية والفعلية إلى الطرف الثاني (المشتري) القابل للشراء، ما هو الأطيان الموضحة بالجدول بحوض بركة الركابي زمام بار الحمام، والبالغ قدرها فقط أربعة قراريط لا غير، أرض زراعية مقاس الملك.,0,منخفض الخطورة
حُرر هذا العقد بالتراضي، وقد اطلع الطرفان على الشروط أعلاه وتم التوقيع عليه.,0,منخفض الخطورة
المادة الثامنة: التغييرات والتعديلات. يتم تحديد إجراءات تعديل شروط العقد وموافقة الطرفين عليها، ويتم توثيق أي تغييرات أو تعديلات بشكل رسمي وملزم لكلا الطرفين.,0,منخفض الخطورة
8- تجهيز المواد الاستهلاكية والتشغيلية وقطع الغيار للمطبعة. 9- تجهيز الورق. 10- فتح سجلات محاسبة وحسابات بالمبيعات.,0,منخفض الخطورة
عقد شراكة مجتمعية. جمعية بير الشماسنة الخيرية، إشراف وزارة الموارد البشرية والتنمية الاجتماعية، ترخيص رقم (89) هـ. الرقم: 2457. التاريخ: 1440/6/12هـ. الموضوع: عقد شراكة مجتمعية. تم بحمد الله وتوفيقه الاتفاق بين كلا من جمعية بير الشماسنة الخيرية (الطرف الأول) ووسالة اللياقة البدنية الشماسية (الطرف الثاني) [اسم الشركة الدقيق غير مؤكد بالكامل] على تنفيذ البنود التالية:,0,منخفض الخطورة
رابعاً: يقر الطرف الأول بأنه يملك الأطيان المباعة منه أعلاه بطريق الشراء بعقد [التفاصيل بخط اليد غير واضحة بالكامل].,0,منخفض الخطورة
مادة (34): يجب على إدارة الشركة أن تُعد عن كل سنة مالية خلال شهرين على الأكثر من تاريخ انتهائها القوائم المالية وتقريراً عن نشاط الشركة خلال السنة المالية ومركزها المالي في ختامها. وتُودع القوائم المالية بعد إعدادها بخمسة عشر يوماً بمكتب السجل التجاري المختص، ولكل ذي شأن الحق في الاطلاع عليها. ويجب إرسال نسخة منها إلى كل شريك والجهة الإدارية ومراقب الحسابات بالبريد الموصى عليه أو باليد قبل تاريخ عقد الجمعية العامة بخمسة عشر يوماً على الأقل.,0,منخفض الخطورة
مادة (26): تنظر الجمعية العامة للشركاء على الأخص في: 1- تقرير مراقب الحسابات. 2- مراقبة أعمال إدارة الشركة والنظر في إخلائها من المسؤولية. 3- المصادقة على القوائم المالية. 4- الموافقة على توزيع الأرباح وتحديد مكافأة الإدارة. 5- تعيين مراقب الحسابات وتحديد أتعابه. 6- تعيين المديرين وتحديد مكافأتهم.,0,منخفض الخطورة
مادة (2): اسم الشركة: شركة ذات مسئولية محدودة.,0,منخفض الخطورة
البند العاشر: يقر الطرف الأول بأن عنوانه المذكور بهذا العقد هو محله المختار، وأن كل تخاطب رسمي عليه يُعد قانونياً صحيحاً طالما وُجّه إلى هذا العنوان [الصياغة الدقيقة غير مؤكدة بالكامل].,0,منخفض الخطورة
مادة (44): مع مراعاة أحكام قانون الشركات ولائحته التنفيذية، يجب عند انتهاء مدة الشركة أو حلها قبل الأجل المحدد لها أن تُعين الجمعية العامة - بناءً على طلب إدارة الشركة - مُصفياً واحداً أو أكثر من بين الشركاء أو غيرهم، وتحدد سلطاتهم وأتعابهم وطريقة التصفية. وفي حالة صدور حكم بحل الشركة أو بطلانها تُبين المحكمة طريقة التصفية وتُعين المصفي وتحدد أتعابه، ولا ينتهي عمل المصفي بوفاة الشركاء أو إشهار إفلاسهم أو إعسارهم أو الحجز عليهم ولو كان معيناً من قبلهم. وتنتهي سلطة إدارة الشركة بتعيين المصفيين، وتبقى سلطة الجمعية العامة قائمة طوال مدة التصفية إلى أن يتم إخلاء عهدة المصفيين.,0,منخفض الخطورة
يلتزم كل شريك بعدم ممارسة أي نشاط مماثل لنشاط الشركة أو منافستها فيه، وإلا جاز لبقية الشركاء فصله من الشركة ومطالبته بالتعويض عما ينتج عن ذلك من أضرار دون تحديد حد أقصى لهذا التعويض.,2,عالي الخطورة
البند الثالث / الالتزامات المالية - 1: تُسمى 'خدمة ناجحة' كل خدمة استشارة يتم تقديمها بالفعل، ولا تكون موضوعًا للإلغاء أو رفض العرض.,0,منخفض الخطورة
لا يجوز لأي شريك أن يزاول عملاً منافساً لغرض الشركة، وعند ثبوت المخالفة يُفصل الشريك المخالف فوراً ويتحمل تعويض الشركة عن كل ضرر ينتج عن ذلك.,2,عالي الخطورة
مادة (43): في حالة خسارة نصف رأس مال الشركة، يتعين على إدارة الشركة أن تعرض على الجمعية العامة غير العادية حل الشركة أو استمرارها، ويُشترط لصدور قرار الحل توافر الأغلبية اللازمة لتعديل عقد الشركة. وإذا بلغت الخسارة ثلاثة أرباع رأس المال، جاز أن يطلب الحل الشركاء الحائزون لربع رأس المال.,1,متوسط الخطورة
2.6 حقوق الملكية الفكرية: ويُقصد بها جميع حقوق الملكية الفكرية والابتكار وكافة الحقوق المعنوية المشتركة الناتجة عن موضوع هذه الاتفاقية وفقًا لأحكامها.,0,منخفض الخطورة
"1- تمهيد: يُعتبر توقيع ""العميل"" على العقد وتسليمه لشركة ""فودافون مصر"" دليلاً على قراءته لبنوده، ويتعين عليه الاحتفاظ بنسخة منه للرجوع إليها عند الحاجة.",0,منخفض الخطورة
2.3 الشريك: هو الشريك الذي يساهم في المشروع برأس مال نقدي ويكون ملزماً ببذل مجهود عملي أو فني أو إداري أو تشغيلي آخر، وتكون نسبة ملكيته في المشروع وفقاً للضوابط الواردة بهذه الاتفاقية.,0,منخفض الخطورة
سادساً: يقر المشتري بأنه قَبِل الشراء بحالته، وأنه وضع اليد على الأطيان المشتراة، وأصبح له حق التصرف فيها كيف يشاء الملاك، ويلزم بدفع الأموال الأميرية من تاريخه.,1,متوسط الخطورة
المادة الرابعة: رأس مال الشركة: تم دفعه من جميع الشركاء، وحصة كل شريك على النحو الآتي: الشريك الأول ............... جنيهاً مصرياً. الشريك الثاني ............... جنيهاً مصرياً. الشريك الثالث ............... جنيهاً مصرياً.,1,متوسط الخطورة
عقد شركة تضامن. في يوم .... الموافق / / تحرر هذا العقد بإيجاب وقبول صريحين بين كل من: السيد/ .... الجنسية .... الديانة .... المقيم .... (طرف أول - شريك متضامن). السيد/ .... الجنسية .... الديانة .... المقيم .... (طرف ثانٍ - شريك متضامن). السيد/ .... الجنسية .... الديانة .... المقيم .... (طرف ثالث - شريك متضامن). وبعد أن أقر جميع الأطراف بأهليتهم للتصرف والتعاقد، اتفقوا على تكوين شركة تضامن فيما بينهم بالشروط الآتي بيانها:,2,عالي الخطورة
مادة (41): لا يترتب على أي قرار يصدر من الجمعية العامة سقوط دعوى المسؤولية المدنية ضد إدارة الشركة بسبب الأخطاء التي تقع منها في تنفيذ مهمتها، وإذا كان الفعل الموجب للمسؤولية قد عُرض على الجمعية العامة بتقرير من إدارة الشركة أو مراقب الحسابات، فتسقط هذه الدعوى بمضي سنة من تاريخ صدور قرار الجمعية العامة بالمصادقة على التقرير حسب الأحوال.,0,منخفض الخطورة
للشركة الحق في إجراء أي تعديل على شروط الخدمة أو التعريفة وقتما تشاء، ويُعتبر استمرار العميل في استخدام الخط بعد الإخطار موافقة ضمنية على التعديل.,2,عالي الخطورة
المادة السادسة: الإدارة وحق التوقيع: موكلة للأطراف الثلاثة مجتمعين أو منفردين، بشرط أن تكون الأعمال الصادرة منهم لتحقيق غرض الشركة وضمن أغراضها وبعنوانها. أما المعاملات التي تزيد قيمتها عن ........ جنيه، وأية تصرفات قانونية أخرى من رهن أو بيع عقارات الشركة أو الحصول على قروض لها، فيجب أن تصدر من جميع الشركاء.,1,متوسط الخطورة
سابعاً: كل نزاع ينشأ عن هذا العقد يكون من اختصاص محكمة [اسم المحكمة غير واضح].,1,متوسط الخطورة
رابعاً: خلو المكان من الحقوق العينية، ويقر الطرف الأول من الآن بأن المكان الذي باعه والمبينة أوصافه وحدوده ومساحته وملحقاته خالية من كافة الحقوق العينية أي كان نوعها كالرهن أو الامتياز والارتفاق ظاهرة أو خفية، وأن الشقة ليست موقوفة على أحد ودون منازعة من أحد ولم يسبق للبائع التصرف في هذا المبيع من قبل.,0,منخفض الخطورة
مادة (18): تتم الإخطارات من وإلى الشركة والشركاء فيها على هيئة خطابات موصى عليها مصحوبة بعلم الوصول، أو باليد مقابل إيصال.,0,منخفض الخطورة
سابعاً: [نص إضافي بخط اليد غير واضح بالكامل، يحتاج مراجعة كاملة من الأصل].,0,منخفض الخطورة
2.3 الشريك: الشريك الذي يشارك في المشروع بنسبة من رأس ماله ويكون ملزمًا بجميع الأعمال التي يتم الاتفاق عليها ضمن نطاق عمله أو في أي تشغيل آخر يتم بموافقة مالكي المشروع، وفقًا للضوابط الواردة ببنود هذه الاتفاقية.,0,منخفض الخطورة
البند السادس: يقر الطرف الثاني (المشتري) بأنه من وقت تحرير هذا العقد وكتابة العقد النهائي يتنازل عن ممارسة حق الشفعة لباقي وحدات المبنى، كما يقر بأنه ليس له الحق في السطح الخاص بالعقار الذي به الشقة المباعة، وللطرف الأول حرية التصرف فيه دون أدنى اعتراض من الطرف الثاني.,2,عالي الخطورة
مادة: يكون للشركة مجلس رقابة مؤلف من ( ) أعضاء على الأقل و( ) أعضاء على الأكثر، تُعينهم الجمعية العامة من بين الشركاء وتقدر أتعابهم. واستثناءً مما تقدم عيَّن المؤسسون أول مجلس رقابة من ( ) أعضاء هم: 1- السيد/ المقيم في. 2- السيد/ المقيم في. 3- السيد/ المقيم في.,0,منخفض الخطورة
2.5 صافي أرباح المشروع: يتم احتسابه بقيمة المخصص للميزانية السنوية التي تُعد حسب الأصول المحاسبية من واقع الدفاتر والمستندات والفواتير، إلخ، وتُحدد الأرباح الصافية بعد خصم المصروفات التشغيلية.,0,منخفض الخطورة
خامساً: يقر المشتري أنه عاين الأرض الزراعية المباعة المعاينة النافية للجهالة، وأنه تسلمها ووضع يده عليها بدون معارضة من أحد، وأصبح ملتزمًا بسداد الأموال الأميرية وملحقاتها عن هذه الأرض ابتداءً من [تاريخ يبدو 2014/12/9، غير مؤكد بالكامل].,2,عالي الخطورة
تُعد هذه الشركة شركة تضامن، وبالتالي يكون كل شريك فيها مسؤولاً بالتضامن والتكافل في كامل ذمته المالية الخاصة عن جميع ديون والتزامات الشركة تجاه الغير.,2,عالي الخطورة
مادة: يُشترط أن يكون عضو مجلس الرقابة مالكاً حصة على الأقل تُخصص لعدد من حصص الشركة قدره لضمان الأخطاء التي قد يرتكبها خلال عضويته، وتكون هذه الحصص غير قابلة للتداول خلال المدة المذكورة (مادة اختيارية).,0,منخفض الخطورة
4.1 يكون مقر المشروع القانوني ومحله التجاري بمدينة [غير محدد في القالب].,0,منخفض الخطورة
6.1 حُدد إجمالي رأس مال المشروع بمبلغ وقدره [غير محدد في القالب] ريال، موزع على (80) حصة، قيمة كل حصة [غير محدد]، ويمثل رأس المال النقدي منها نسبة (50.00%)، ويمثل رأس المال العيني (الحصص العينية) نسبة (50.00%) من إجمالي رأس المال. [القيم الرقمية بالكامل تركت فارغة في هذا القالب/النموذج].,0,منخفض الخطورة
أولاً: يخصم الطرف الثاني للطرف الأول مبلغ 3 ريال عن كل اشتراك بطاقة هذه الشماسنة [الصياغة الدقيقة لهذا البند غير مؤكدة بالكامل بسبب صغر الخط].,0,منخفض الخطورة
10- السكن: يستحق الطرف الثاني سكنًا مناسبًا خلال مدة معينة من تاريخ بدء العمل، وفقًا لما تراه الشركة مناسبًا [الصياغة الدقيقة والمهلة الزمنية غير مؤكدة بالكامل].,0,منخفض الخطورة
ثانياً: تم هذا البيع نظير ثمن مبلغ وقدره [الرقم غير واضح بالكامل] جنيهاً فقط [النص التفصيلي غير مؤكد]، دُفع جزء منه وقت التوقيع والباقي [تفاصيل السداد غير مؤكدة بالكامل].,0,منخفض الخطورة
ثالثاً: يقر الطرف الأول البائع أن الأرض المبيعة مملوكة له بطريق [غير واضح بالكامل].,0,منخفض الخطورة
مادة (47): فُوِّض الشركاء السيد/ في اتخاذ كافة الإجراءات اللازمة في هذا الشأن. وتلتزم الشركة بأداء المصروفات والنفقات والأجور والتكاليف التي تم إنفاقها بسبب تأسيس الشركة، وذلك خصماً من حساب المصروفات العامة.,0,منخفض الخطورة
2- مدة العقد: 24 شهرًا من تاريخ [غير محدد في القالب].,0,منخفض الخطورة
2.5 صافي أرباح المشروع: يُقصد به صافي الأرباح السنوية التي تمثل الحاصل السنوي المحاسبي بعد خصم المصاريف من إجمالي الدخل.,0,منخفض الخطورة
مادة: مدة العضوية لمجلس الرقابة هي سنوات، ويبقى المجلس المعين في المادة السابقة قائماً بأعماله لمدة سنوات. وفي نهاية هذه المدة يتم إعادة تشكيل المجلس على النحو الآتي: (1) (2) (3).,0,منخفض الخطورة
2.1 المشروع: المشروع التجاري (منصة [غير محدد]).,0,منخفض الخطورة
المقر به البائع: جرد إبراهيم يس [توقيع]. المشتري: [يظهر ختم بدلاً من توقيع واضح]. الشهود: [الأسماء غير واضحة بالكامل].,0,منخفض الخطورة
المادة العاشرة: عدم المنافسة: يتعهد الشركاء بعدم القيام بأي عمل من الأعمال التي تقوم بها الشركة أو منافستها في غرضها المخصص لها. وفي حالة ثبوت مخالفة أي شريك لهذا البند، يحق لباقي الشركاء فصله ومطالبته بالتعويضات الناتجة عن تصرفه.,2,عالي الخطورة
[سطر مقتطع في أعلى الصفحة، يبدو أنه استكمال لعبارة عن تقسيم قطعة أرض بمساحة معينة (أبعاد بالمتر) لصالح أحد الأطراف - النص غير واضح بالكامل].,0,منخفض الخطورة
6.6 سلّم الشريك الثاني نصيبه من قيمة المال النقدي البالغ [غير محدد] ريال سعودي، وذلك بموجب المصروفات الملحقة بنص هذا العقد.,0,منخفض الخطورة
الشركاء: 1- .......... (توقيع). 2- .......... (توقيع). 3- .......... (توقيع).,0,منخفض الخطورة
البند الثالث: تم هذا البيع والإسقاط لهذه الشقة نظير ثمن إجمالي وقدره [المبلغ غير واضح بالكامل]، وقد دفع هذا الثمن بالكامل [نقداً أو بشيك، غير مؤكد] من الطرف الثاني إلى الطرف الأول عند تحرير هذا العقد، ويُعتبر توقيع الطرف الأول (البائع) على هذا العقد بمثابة إقراره باستلام كامل الثمن المذكور نهائياً.,1,متوسط الخطورة
خامساً: تعهد الطرف الأول (البائع) بتقديم جميع مستندات التمليك والتوقيع على العقد الرسمي النهائي وقت طلب المشتري، وإذا تأخر يلزم بجميع مصاريف صحة ونفاذ عقد البيع رسمية وغير رسمية.,0,منخفض الخطورة
المادة السادسة عشرة: يتفق الشركاء على أن يتولى مدير الشركة تسجيل هذا العقد والإشهار عنه بالطرق القانونية، بمصروفات على عاتق الشركة، أو توكيل أحد الشركاء للأستاذ/ ............. المحامي بذلك.,0,منخفض الخطورة
رابعاً: يضمن البائع خلو الأرض الزراعية من جميع الحقوق العينية والرهون.,1,متوسط الخطورة
مادة (35): دون الإخلال بحكم المادة (196) من اللائحة التنفيذية لقانون الشركات، تُوزع أرباح الشركة الصافية السنوية بعد خصم جميع المصروفات العامة والتكاليف الأخرى كما يأتي: 1- يُجنَّب مبلغ يوازي % على الأقل من الأرباح لتكوين الاحتياطي، ويُوقف هذا التجنيب متى بلغ مجموع الاحتياطي مقداراً يوازي % على الأقل من رأس المال، ومتى قلَّ الاحتياطي عن ذلك يُعاد التجنيب. 2- يُقتطع بعد ذلك المبلغ اللازم لتوزيع حصة أولى من الأرباح قدرها % على الأقل على الشركاء عن قيمة حصصهم، وإذا لم تسمح أرباح سنة ما بتوزيع هذه الحصة فلا يجوز المطالبة بها من أرباح السنين القادمة. 3- يُخصص بعد ذلك مبلغ لا تتجاوز نسبته % من الأرباح المتبقية لمكافأة إدارة الشركة. 4- تُخصص نسبة من الأرباح بناءً على اقتراح إدارة الشركة واعتماد الجمعية العامة لتُوزع على العاملين. 5- يُوزع الباقي على الشركاء كحصة إضافية في الأرباح، أو يُرحَّل بناءً على اقتراح إدارة الشركة إلى السنة المقبلة، أو يُكوَّن به احتياطي غير عادي أو مال للاستهلاك غير العادي، وفي حالة وجود خسائر يتحملها الشركاء بنسبة حصصهم دون أن يُلزم أحدهم بأكثر من قيمة حصته.,0,منخفض الخطورة
سابعاً: تحرر هذا العقد من نسختين بيد كل طرف صورة منها.,0,منخفض الخطورة
ثالثاً: يقر الطرف الثاني (المشتري) بأنه عاين المكان موضوع هذا العقد المعاينة التامة النافية للجهالة، وأنه قبل الشراء بالحالة الراهنة كما عاينها وليس له الحق في الرجوع على الطرف الأول بأي شيء وذلك مستقبلاً.,2,عالي الخطورة
مادة (3): غرض الشركة هو: [يُحدد لاحقاً]، وذلك دون الإخلال بأحكام القوانين واللوائح والقرارات السارية، وبشرط استصدار التراخيص اللازمة لممارسة هذه الأنشطة. ويجوز للشركة أن تشترك بأي وجه من الوجوه مع الشركات وغيرها التي تزاول أعمالاً شبيهة بأعمالها أو التي قد تعاونها على تحقيق غرضها في مصر أو في الخارج، كما يجوز لها أن تندمج فيها أو تشتريها أو تلحقها بها وذلك طبقاً لأحكام القانون.,0,منخفض الخطورة
6- يلتزم الطرف الثاني بأداء عمله بأمانة وإخلاص، ولا يقوم بأي عمل غير مصرح به يتعارض مع طبيعة عمله أو مع مصلحة الطرف الأول، ويلتزم بالمحافظة على أسرار العمل وعدم إفشاء أي معلومة تخص الطرف الأول سواء أثناء العقد أو بعد انتهائه.,0,منخفض الخطورة
عقد بيع نهائي (شقة) - أنه في يوم الأربعاء الموافق 4/1/2023م حرر هذا العقد في تاريخه بين كلا من: أولاً: السيدة/ جيهان عبد الرحمن إدريس علي، الجنسية/ مصرية، الإقامة: 5/ب مساكن الوليدية - أسيوط، الرقم القومي/ 26911232500183 بائع (طرف أول). ثانياً: السيد/ محمد عبد الرحمن إدريس علي، الجنسية/ مصري، الإقامة/ 18 ش المدينة المنورة- النعام - عين شمس - القاهرة، الرقم القومي/ 27401082500215 مشتري (طرف ثان).,0,منخفض الخطورة
يتعهد الطرفان بتنفيذ ونجاح المشروع وحسب واجبات كل طرف وكما يلي:,0,منخفض الخطورة
1.3 اتفق الطرفان على أن تُعتمد المدة المحددة الواردة أعلاه، وهذا التمهيد وملحقاته جزء لا يتجزأ من الاتفاقية ومكملاً ومفسرًا لها عند اللزوم.,0,منخفض الخطورة
8- يستحق الطرف الثاني إجازة سنوية مدتها 30 يومًا بعد إتمام سنة كاملة من الخدمة، ويستحق تذكرة سفر لبلده الأصلي مرة واحدة كل سنتين.,0,منخفض الخطورة
البند العاشر: يلتزم الطرف الثاني بتسديد كافة الرسوم الحكومية والضرائب العقارية وضريبة التصرفات ورسوم النظافة ورسوم تسجيل الوحدة محل التعاقد من وقت تحرير العقد النهائي، وجميع المصروفات والرسوم وأتعاب إنهاء العقد الرسمي من تسجيل وخلافه، وكذلك الشهادات العقارية وطلبات الشهر العقاري وكافة النفقات، تقع على عاتق الطرف الثاني (المشتري).,1,متوسط الخطورة
مادة (13): يمثل المدير/المديرون الشركة في علاقتها مع الغير، وله منفرداً/ولهم منفردين أو مجتمعين في هذا الصدد أوسع السلطات لإدارة الشركة والتعامل باسمها، فيما عدا ما احتفظ به هذا العقد أو قانون الشركات أو لائحته التنفيذية للجمعية العامة.,1,متوسط الخطورة
المادة الخامسة عشرة: كل نزاع ينشأ بين الشركاء أو الورثة أو من فقد أهليته حول تفسير أي بند من بنود العقد، تكون محكمة ............ هي المختصة بنظره.,1,متوسط الخطورة
مادة (31): يكون التصويت في الجمعية العامة علنياً، واستثناءً يكون سرياً في حالتين: 1- القرارات المتعلقة بتعيين المديرين أو عزلهم أو إقامة دعوى المسؤولية عليهم. 2- إذا طلب ذلك رئيس الاجتماع أو عدد من الشركاء يمثل عُشر الأصوات الحاضرة والممثلة على الأقل.,0,منخفض الخطورة
ثالثاً: يقر الطرف الأول البائع أن الأرض المباعة مملوكة له بطريق [غير واضح، يبدو أنه ميراث].,0,منخفض الخطورة
خامساً: يقر الطرف الثاني (المشتري) أنه عاين هذا المبيع المعاينة التامة النافية للجهالة، ووضع يده عليه [تفاصيل إضافية غير واضحة].,2,عالي الخطورة
ثامناً: شرط جزائي: [نص إضافي مكتوب بخط اليد يتضمن التزامًا بدفع مبلغ عند الإخلال بأحد بنود العقد - الصياغة الدقيقة والرقم غير واضحين بالكامل].,2,عالي الخطورة
ثامناً: يقر الطرف الثاني المشتري أنه عاين هذا العقار موضوع العقد المعاينة التامة النافية للجهالة وقبل الشراء طبقًا للمواصفات والأبعاد المحددة بهذا العقد.,2,عالي الخطورة
البند الثامن: في حالة وفاة أحد الطرفين قبل استكمال بقية الالتزامات، تنتقل كافة الحقوق والالتزامات إلى ورثته بموجب هذا العقد.,0,منخفض الخطورة
المادة العاشرة: النفاذ والتنفيذ. يكون هذا العقد نافذًا وملزمًا لكل من الطرفين ولورثتهم والجهات القانونية اللاحقة.,0,منخفض الخطورة
المادة السادسة: السرية والتنافسية. يتعهد كل طرف بالحفاظ على سرية المعلومات الخاصة بالشراكة وعدم التعرض للمنافسة غير النزيهة مع الطرف الآخر أثناء سريان هذا العقد وبعد انتهائه.,0,منخفض الخطورة
رابعاً: يضمن البائع خلو الأرض الزراعية من جميع الحقوق العينية والرهون.,1,متوسط الخطورة
6.4 توزع أسهم رأس المال بين الشركاء وذلك على النحو التالي [جدول بأسماء الشركاء ونسبهم من رأس المال، القيم فارغة في هذا القالب].,0,منخفض الخطورة
خامساً: يقر المشتري أنه عاين الأرض المبيعة المعاينة النافية للجهالة، وأنه تسلمها ووضع يده عليها بدون معارضة من أحد، وأصبح ملتزماً بدفع الأموال الأميرية وملحقاتها عن هذه الأرض ابتداءً من [التاريخ غير واضح].,2,عالي الخطورة
"ثانياً: [فقرة إضافية تتضمن شروطًا أخرى متعلقة بنفس الاتفاق، منها إشارة إلى مبلغ يبدو أنه يقارب 10,000 [غير مؤكد] ومواعيد أو التزامات إضافية - النص غير واضح بالكامل].",0,منخفض الخطورة
المادة التاسعة: توزيع الأرباح والخسائر: توزَّع الأرباح بقدر حصة كل شريك. أما في حالة الخسارة في ميزانية إحدى السنوات، فتُرحَّل إلى السنة التالية، ولا توزَّع أرباح إلا بعد تغطية خسائر السنوات السابقة.,0,منخفض الخطورة
سادساً: كل نزاع ينشأ عن هذا العقد يكون من اختصاص محكمة [اسم المحكمة غير واضح بالكامل].,1,متوسط الخطورة
مادة: لعضو مجلس الرقابة الحق في تقاضي مبلغ سنوي إجمالي قدره جنيهاً، وذلك كمكافأة أو بدل حضور يُدفع بواقع كل .,0,منخفض الخطورة
مادة (30): يكون لكل شريك يحضر اجتماع الجمعية العامة الحق في مناقشة الموضوعات المدرجة في جدول أعمالها واستجواب إدارة الشركة ومراقب الحسابات بشأنها. وتُجيب إدارة الشركة أو مراقب الحسابات على أسئلة الشركاء بالقدر الذي لا يعرض مصلحة الشركة أو المصلحة العامة للضرر، وإذا رأى الشريك أن الرد غير كافٍ احتكم إلى الجمعية العامة ويكون قرارها واجب التنفيذ.,0,منخفض الخطورة
البند التاسع: ينتقل للطرف الثاني الحق في التصرف في الوحدة السكنية محل هذا العقد فور توقيع الطرف الأول عليه، مع التزام الطرف الأول بما ورد في البند السابع [الصياغة الدقيقة غير مؤكدة بالكامل].,0,منخفض الخطورة
المادة السابعة: يجوز أن يتقاضى الشريك .......... والشريك .......... مرتباً شهرياً نظير حق الإدارة، يُحتسب من ضمن مصروفات الشركة.,0,منخفض الخطورة
البند الثالث عشر: الوديعة الموجودة بالبنك ضماناً لهذه الشقة، أو على سبيل تخفيف القسط، تكون من حق المشتري [الصياغة الدقيقة غير مؤكدة بالكامل، النص غامض المعنى جزئياً].,0,منخفض الخطورة
مادة (40): مع عدم الإخلال بحقوق الشركاء المقررة قانوناً، لا يجوز رفع المنازعات التي تمس المصلحة العامة والمشتركة ضد إدارة الشركة إلا باسم مجموع الشركاء بمقتضى قرار من الجمعية العامة. وعلى كل شريك يريد إثارة نزاع من هذا القبيل أن يُخطر بذلك إدارة الشركة قبل انعقاد الجمعية العامة التالية بشهر على الأقل، ويجب على إدارة الشركة إدراج هذا الاقتراح في جدول أعمال الجمعية.,0,منخفض الخطورة
مادة (42): دون الإخلال بحقوق الغير حسني النية، يقع باطلاً كل قرار يصدر من الجمعية العامة بالمخالفة لأحكام قانون الشركات أو هذا العقد. ويجوز إبطال كل قرار يصدر لصالح فئة معينة من الشركاء أو للإضرار بهم أو لجلب نفع خاص لإدارة الشركة أو غيرها دون اعتبار لمصلحة الشركة، ولا يجوز طلب البطلان في هذه الحالة إلا للشركاء الذين اعترضوا على القرار في محضر الجلسة أو تغيبوا لسبب مقبول، ويجوز للجهة الإدارية المختصة أن تنوب عنهم في طلب البطلان بأسباب جدية. ويترتب على الحكم بالبطلان اعتبار القرار كأن لم يكن بالنسبة لجميع الشركاء، وعلى إدارة الشركة نشر ملخص الحكم في إحدى الصحف اليومية وفي صحيفة الشركات. وتسقط دعوى البطلان بمضي سنة من تاريخ صدور القرار، ولا يترتب على رفع الدعوى وقف تنفيذ القرار ما لم تأمر المحكمة بذلك.,0,منخفض الخطورة
9- [بند يتعلق بإجازة تبدو مرتبطة بمناسبة وطنية (30 يوم) - الصياغة الدقيقة غير واضحة بالقدر الكافي للنقل الموثوق].,0,منخفض الخطورة
المادة الحادية عشرة: الانسحاب والتنازل عن الحصص: لا يحق لأي شريك أن ينسحب من الشركة قبل نهاية مدتها. ولا يحق لأي شريك أن يبيع حصته أو يرهنها أو يتنازل عنها أو عن جزء منها إلا بموافقة باقي الشركاء كتابة. وفي حالة مخالفة ذلك، لا يُنفَّذ هذا التصرف في حق باقي الشركاء، مع احتفاظهم بجميع حقوقهم بسائر أنواعها.,1,متوسط الخطورة
المادة الرابعة: مدة الشراكة. يتم تحديد مدة الشراكة بين الطرفين، ويتم الاتفاق على شروط التجديد أو الإنهاء المبكر للشراكة بناءً على الاحتياجات والظروف المحددة.,0,منخفض الخطورة
7- يتعهد الطرف الثاني بأن يعمل لدى الطرف الأول بإخلاص وأمانة وبذل كل الجهد الذي يقتضيه عمله، ولا يجوز له العمل لدى جهة أخرى سواء بأجر أو بدون أجر إلا بموافقة كتابية مسبقة من الطرف الأول، وذلك وفقًا لأنظمة العمل والعمال بالمملكة العربية السعودية.,0,منخفض الخطورة
الطرف الأول (البائع): أحمد محمد توفيق [التوقيع الكامل والاسم غير مؤكدين بالكامل]. الطرف الثاني (المشتري): أحمد محمد توفيق [التوقيع الكامل والاسم غير مؤكدين بالكامل]. الشهود: [الأسماء غير واضحة].,0,منخفض الخطورة
سادساً: يضمن الطرف الأول البائع خلو العقار المبيع موضوع هذا العقد خلوًا تامًا من جميع الرهون والديون والحقوق العينية على اختلاف أنواعها، وإذا ظهر غير ذلك يكون البائع مسئولًا عن ذلك بصفته الشخصية ولا يقع على الطرف الثاني المشتري مسئولًا عن أي من كل هذا، بل تقع المسئولية الكاملة على البائع وحده.,1,متوسط الخطورة
البند الثالث / الالتزامات المالية - 4: يمكن للطرف الأول أن يقرر ويستحدث الحوافز التي يراها مناسبة لتشجيع ومكافأة مقدمي الخدمة، وتبقى قيمة الحوافز محددة وفق ما يراه الطرف الأول [الصياغة الدقيقة لآلية تحديدها غير مؤكدة بالكامل].,0,منخفض الخطورة
ثالثاً: يتم استقبال المتقدمين بموجب خطاب موجه من الجمعية.,0,منخفض الخطورة
سادساً: يقر الطرف الثاني (المشتري) بأنه وضع يده على الأطيان الموضحة بالجدول أعلاه، وأصبح له حق التصرف فيها من الآن كيف يشاء، ويلتزم بدفع الأموال الأميرية من تاريخه.,1,متوسط الخطورة
سادساً: يقر المشتري بأنه قَبِل الشراء بحالته، وأنه وضع اليد على الأطيان المشتراة، وأصبح له حق التصرف فيها كيف يشاء الملاك، ويلزم بدفع الأموال الأميرية من تاريخه.,1,متوسط الخطورة
البند الرابع: يقر الطرف الأول (البائع) بأن الشقة المباعة خالية من كافة الحقوق العينية أياً كان نوعها كالرهن والاختصاص والامتياز وحقوق الانتفاع والارتفاق، ظاهرة أو خفية، وليست موقوفة ولا محكرة، وخالية من كافة حقوق الغير.,0,منخفض الخطورة
4.2 ويجوز للطرف المستثمر أن يقرر نقل مقر المشروع داخل المدينة، كما يجوز له خارجيًا إنشاء فروع أو وكالات للمشروع خارج المملكة العربية السعودية أو خارجيًا، بعد أخذ موافقة الشركاء الخطية المسبقة على ذلك.,0,منخفض الخطورة
سابعاً: [نص البند غير واضح بالكامل بسبب الخط].,0,منخفض الخطورة
عقد عمل. مؤسسة الجوهري التجارية (Al-Jawhary Trading Est.)، المالك: أحمد م. عسيري، سجل تجاري رقم 4030140291. أنه في يوم [غير مؤكد] الموافق [غير مؤكد]1447هـ، يقوم كل من الطرفين بالاتفاق والقبول على ما يلي: الطرف الأول: مؤسسة الجوهري التجارية. الطرف الثاني: حسام الدين محمود على السبع.,0,منخفض الخطورة
سادساً: يمنع الطرف الأول (البائع) من التصرف في هذا المبيع بأي نوع من أنواع التصرفات القانونية [النص الدقيق غير واضح بالكامل].,0,منخفض الخطورة
[فقرة طويلة بخط متصل تصف اتفاقًا بين عدة أفراد يبدو أنهم من نفس العائلة بخصوص تركة أو قسمة ممتلكات مشتركة (أرض و/أو عقار)، وتتضمن ذكر شروط والتزامات ومبلغ مالي، لكن التفاصيل الدقيقة غير واضحة بالكامل ولم يتم تأكيدها].,0,منخفض الخطورة
البند الثالث: مقر الشركة: يكون مقر الشركة في [موقع غير مؤكد بالكامل، يبدو منطقة صناعية].,0,منخفض الخطورة
يعتبر هذا العقد منتهياً من ذاته حال تخلف الطرف الثاني عن الوفاء بأي قسط مستحق، وذلك دون إنذار رسمي أو حكم من المحكمة، مع احتفاظ البائع بحقه في استعادة المبيع.,2,عالي الخطورة
11- إنهاء العقد: يحق للطرف الأول إنهاء العقد في حال مخالفة الطرف الثاني للأنظمة السعودية ذات الصلة واللوائح المنظمة لذلك [الصياغة الدقيقة غير مؤكدة بالكامل].,0,منخفض الخطورة
مادة (10): ملكية الحصص قابلة للانتقال بين الشركاء أو إلى الغير بموجب محرر رسمي أو مُصدَّق على التوقيعات الواردة به، ويجب إثبات هذا الانتقال بالسجل المعد لذلك المنصوص عليه في المادة (11). ويجب على من يعتزم بيع حصته أو بعضها للغير أن يخطر إدارة الشركة بذلك بخطاب موصى عليه بعلم الوصول أو باليد بإيصال، يتضمن الاسم الكامل للمتنازل إليه وجنسيته وسنه ومهنته ومحل إقامته وعدد الحصص المتنازل عنها وثمن وشروط البيع، ثم تقوم إدارة الشركة بإخطار باقي الشركاء خلال الثلاثة أيام التالية. ولباقي الشركاء الحق في استرداد الحصص محل التنازل بالشروط ذاتها خلال شهر واحد من تاريخ الإخطار، وإلا سقط هذا الحق، وإذا استعمل حق الاسترداد أكثر من شريك قُسمت الحصص المبيعة بينهم بنسبة حصص كل منهم في رأس مال الشركة.,1,متوسط الخطورة
البند الأول: يعتبر التمهيد السابق جزءاً لا يتجزأ من هذا العقد، وهو المسير المتفق عليه بين الطرفين لتنظيم هذه العلاقة.,0,منخفض الخطورة
يقر الشركاء بأن مسؤوليتهم عن التزامات الشركة تضامنية وغير مقصورة على حصصهم فيها، بل تمتد إلى كامل أموالهم الشخصية عند الاقتضاء.,2,عالي الخطورة
5- يستحق الطرف الثاني إجازة سنوية مدفوعة الأجر مدتها 30 يومًا في السنة، حسب المواعيد التي يحددها الطرف الأول.,0,منخفض الخطورة
عاشراً: يتعهد الطرف الأول البائع بتسليم [العقار] بعد استلامه الثمن كاملًا.,1,متوسط الخطورة
ثامناً: شرط جزائي. [البند مكتوب كعنوان فقط، بدون تفاصيل إضافية ظاهرة في الصورة].,2,عالي الخطورة
البند الثامن: لا يحق للطرف الثاني تغيير أي تصميم في الواجهات الخارجية للعقار من شأنه التأثير على المظهر الخارجي للواجهة، كما يلتزم الطرف الثاني (المشتري) من وقت تحرير هذا العقد بالالتزامات الخاصة بشؤون العقار الذي به الشقة المباعة، وهي: أجرة الحارس، نظافة البرج، صيانة أو تصليح أي شيء بالبرج، حصته في رسوم الكهرباء والمياه، وحصته في رسوم كهرباء المصعد السكني.,1,متوسط الخطورة
ثالثاً: يضمن الطرف الأول خلو العين من جميع الرهون والديون أياً كانت، كما يضمن خلو العين من كافة الموانع الشرعية والإشكالات القانونية مع مسؤوليته عنها في حال وجودها، وضامناً متضامناً صحة ونفاذ عقد البيع في الحال والمستقبل، وعدم معارضة الغير، ويلزم بتسليم العين وقت طلبها دون تأخير.,1,متوسط الخطورة
مادة (8): يجوز زيادة رأس مال الشركة على دفعة واحدة أو أكثر سواء بإصدار حصص جديدة أو بتحويل المال الاحتياطي إلى حصص، بقرار من جماعة الشركاء بالأغلبية العددية الحائزة على ثلاثة أرباع رأس المال، بناءً على اقتراح مديري الشركة، ويجب أن يُرفق بالاقتراح تقرير من مراقب الحسابات حول أسباب ذلك. ويجوز أن تتم الزيادة النقدية في شكل حصص جديدة يكتتب فيها أصحاب الحصص الأصليين كل بنسبة حصته، أو شركاء جدد توافق عليهم جماعة الشركاء بالأغلبية المبينة، بشرط ألا يتعدى عدد الشركاء جميعاً خمسين شريكاً، كما يجوز أن تتحقق الزيادة بزيادة قيمة الحصص القائمة بمبالغ متساوية.,1,متوسط الخطورة
سابعاً: تحرر هذا العقد من نسختين بيد كل طرف صورة منها.,0,منخفض الخطورة
سابعاً: لهذه المساحة حق الرشا من الجهة الغربية مباشرة في مواجهة الأرض حتى يصل لجسر السلامونية في مواجهة الجهة البحرية، من البائع دون انحراف ودون مطالبة البائع بأي رشا.,0,منخفض الخطورة
البند الحادي عشر: يقر الطرف الأول بعدم استحقاقه أي مبالغ إضافية عدا الثمن المتفق عليه والمدفوع فعلياً بموجب البند الثاني من هذا العقد [الصياغة الدقيقة غير مؤكدة بالكامل، النص غامض المعنى جزئياً].,1,متوسط الخطورة
1- يعمل الطرف الثاني لدى الطرف الأول بوظيفة: صيدلي.,0,منخفض الخطورة
يتعهد جميع الشركاء بالامتناع عن منافسة الشركة في غرضها، وفي حال المخالفة يحق لباقي الشركاء إخراج الشريك المخالف من الشركة إضافة إلى مطالبته بتعويضات غير محددة السقف.,2,عالي الخطورة
البند الثالث / الالتزامات المالية - 2: يقتطع الطرف الأول نسبة قدرها 65% من قيمة الخدمات المقدمة بموجب هذه الاتفاقية، وتُحسب من القيمة الكاملة لكل خدمة ناجحة يقدمها الطرف الثاني [بعد خصم المصاريف والضرائب المقررة].,0,منخفض الخطورة
البند الرابع عشر: أي نزاع ينشأ في تفسير هذا العقد أو في بند من بنوده تكون محكمة سمالوط الجزئية والمنيا الكلية هي المختصة بنظر هذا النزاع.,1,متوسط الخطورة
سابعاً: تحرر هذا العقد للمعاملة بموجبه عند اللزوم [الصياغة الدقيقة غير مؤكدة بالكامل].,0,منخفض الخطورة
عقد شراكة بين طرفين: رأس مال وجهد. إنه بتاريخ 20 سبتمبر 2021 ميلادي الموافق 13 صفر 1443 هجري تم إبرام هذه الاتفاقية بين كل من: أولاً: الطرف الأول (شريك رأس المال): الاسم [غير مؤكد بالكامل]. ثانياً: الطرف الثاني (شريك بالجهد): الاسم محمد سكري القدرة، الجنسية فلسطيني. ويهدف الطرفان لتأسيس شركة وفق الشروط التالية:,0,منخفض الخطورة
عقد بيع منزل ريفي. تحريراً في يوم الأربعاء الموافق 17/1/2012، التابع لقسم [غير واضح] محافظة المنيا. ما بين كل من:,0,منخفض الخطورة
يُقر الطرف الثاني بأنه عاين المبيع معاينة وافية ونافية للجهالة، وقبِل استلامه بوضعه الحالي دون أي تحفظ، متحملاً بمفرده كافة الالتزامات المالية المستقبلية المتعلقة بهذا المبيع.,2,عالي الخطورة
المادة الثامنة: الحسابات والسنة المالية: تُمسك دفاتر تجارية حسب الأصول التجارية، يُرصد فيها رأس المال النقدي والعيني. تبدأ السنة المالية للشركة في أول ../../.. وتنتهي في ../../.. على أن تُجرد أصول الشركة وخصومها ويُحسب الربح والخسارة في ميزانية عمومية، تكون نافذة في حق الشركاء بمجرد توقيعهم عليها أو بعد مضي خمسة عشر يوماً من تاريخ إرسال صورة منها لكل منهم بخطاب موصى عليه بعلم الوصول أو بإنذار على يد محضر. ولكل شريك حق الاطلاع على دفاتر الشركة ورصيدها بنفسه أو بتوكيل عنه أو بندب أحد الخبراء.,0,منخفض الخطورة
البند الثالث: يقر الطرف الأول (البائع) بأن ملكية العقار الكائن به الشقة المباعة قد آلت إليه عن طريق شراء قطعة أرض والبناء عليها.,0,منخفض الخطورة
مادة (29): تُسجل أسماء الحاضرين من الشركاء في سجل خاص يثبت حضورهم وما إذا كان بالأصالة أو بالإنابة، ويُوقَّع هذا السجل قبل بداية الاجتماع من كل من مراقب الحسابات وفارزي الأصوات.,0,منخفض الخطورة
عقد بيع ابتدائي - أطيان زراعية. عن: أطيان زراعية بزمام جمعية بار الحمام - بسيون / غربية. جدول المسطحات: 4 قراريط (الحوض: بركة الركابي، زمام بار الحمام). الحدود: البحري: بهي محمد فهمي النجار - أرض زراعية. القبلي: محفوظ عبد المجيد شتا - أرض زراعية. الشرقي: عبد السلام يوسف شتا - أرض زراعية. الغربي: وضع يد المشتري - إصلاح زراعي.,0,منخفض الخطورة
ثالثاً: يقر الطرف الأول البائع أن الأرض المباعة مملوكة له بطريق [غير واضح، يبدو أنه ميراث].,0,منخفض الخطورة
1- يعمل الطرف الثاني لدى الطرف الأول بوظيفة: أعمال إدارية.,0,منخفض الخطورة
أولاً: يعتبر البند التمهيدي جزء لا يتجزأ من هذا العقد.,0,منخفض الخطورة
المادة السابعة: التحكيم. في حالة وجود أي نزاع ينشأ بين الطرفين بخصوص تفسير أو تنفيذ هذا العقد، يتم اللجوء إلى آلية التحكيم وفقًا للقوانين المعمول بها.,0,منخفض الخطورة
5.1 إن هذه الاتفاقية مستمرة ومعمول بها من تاريخ إبرامها ولمدة (5) خمس سنوات هجرية.,0,منخفض الخطورة
سادساً: كل نزاع ينشأ عن هذا العقد يكون من اختصاص محكمة [اسم المحكمة غير واضح بالكامل].,1,متوسط الخطورة
مادة (33): تبدأ السنة المالية للشركة من وتنتهي في ، على أن تبدأ السنة المالية الأولى من تاريخ التأسيس حتى نهاية السنة المالية التالية، بشرط ألا تزيد هذه الفترة عن 24 شهراً.,0,منخفض الخطورة
ثانياً: يقر المتنازَل إليه بأنه عاين موضوع هذا العقد وأنه قبل شراءها بحالتها.,0,منخفض الخطورة
4- ساعات العمل: يعمل الطرف الثاني ثماني ساعات يوميًا موزعة حسب ظروف العمل.,0,منخفض الخطورة
المادة التاسعة: الإنهاء والتسوية. تتم إجراءات الإنهاء والتسوية بناءً على الشروط المحددة في هذا العقد، ويتم تحديد الإجراءات اللازمة لتسوية الديون والالتزامات المالية المتبقية.,0,منخفض الخطورة
يجوز لفودافون مصر من جانب واحد تغيير الشروط التعاقدية أو وقف الخدمة عن العميل في حال عدم سداد التأمين المطلوب، مع الاكتفاء بإخطار كتابي مسبق.,2,عالي الخطورة
"مادة (17): يجب أن تحمل الإعلانات ونسخ العقود وجميع الأوراق والمطبوعات الأخرى الصادرة عن الشركة اسم الشركة، وأن تسبقه أو تلحقه عبارة ""شركة ذات مسئولية محدودة"" مكتوبة بأحرف واضحة ومقروءة، مع بيان مركز الشركة الرئيسي وبيان رأس المال بحسب قيمته الثابتة في آخر قوائم مالية معتمدة للشركة.",0,منخفض الخطورة
المادة الرابعة عشرة: في حالة انتهاء عقد الشركة، يجوز للشركاء الاستمرار فيها أو تصفيتها بالطريقة التي يتفقون عليها. وفي حالة عدم الاتفاق، تكون التصفية عن طريق مُصفٍّ تختاره الأغلبية. وفي حالة الاختلاف، تتولى المحكمة المختصة التصفية بناءً على طلب أحد الشركاء.,0,منخفض الخطورة
رابع عشر: أقر الطرفان بأهليتهما للتصرف، كما لا يخضعان لقوانين الحراسة وليسا ممنوعين من التصرف.,0,منخفض الخطورة
3- الراتب: يتقاضى الطرف الثاني من الطرف الأول راتبًا شهريًا قدره [غير محدد] ريال سعودي، يُستحق الدفع في نهاية كل شهر [تفاصيل إضافية عن آلية الدفع غير مؤكدة بالكامل].,0,منخفض الخطورة
3- السكن: يقوم الطرف الأول بتوفير السكن للطرف الثاني على أن يكون ملائمًا ومناسبًا.,0,منخفض الخطورة
مادة (24): مع عدم الإخلال بحكم المادة (19)، تنعقد الجمعية العامة العادية بدعوة من إدارة الشركة في الزمان والمكان اللذين يعينهما إعلان الدعوة، ويجب أن تُعقد مرة على الأقل في السنة خلال الثلاثة أشهر التالية لنهاية السنة المالية للشركة. ولإدارة الشركة أن تقرر دعوة الجمعية كلما دعت الضرورة لذلك. وعليها أن تدعو الجمعية إذا طلب ذلك مراقب الحسابات أو عدد من الشركاء يمثل 5% من رأس المال على الأقل بشرط توضيح أسباب الطلب. ولمراقب الحسابات أو الجهة الإدارية أن يدعوا الجمعية للانعقاد في حال تراخي إدارة الشركة عن الدعوة رغم وجوب ذلك. ولا يكون انعقاد الجمعية العادية صحيحاً إلا بحضور شركاء يمثلون أكثر من نصف رأس المال على الأقل، فإذا لم يتوافر الحد الأدنى وجبت دعوة اجتماع ثانٍ خلال الثلاثين يوماً التالية، ويكون صحيحاً أياً كان عدد الحصص الممثلة فيه.,0,منخفض الخطورة
ثانياً: يقدم الطرف الثاني خصومات لمنسوبي ومستفيدي جمعية بير الشماسنة الخيرية، وذلك بموجب البطاقة الرياضية بمركز حزم أو عبدالرحمن الصميعي [اسم المكان غير مؤكد بالكامل]، وفقًا لجدول الخصومات التالي: اشتراكات لمدة 3 شهور: 940 ريال. اشتراكات لمدة 5 شهور: 1370 ريال. اشتراكات لمدة 12 شهر: 2730 ريال. تأمين حصص (1): 560 ريال. تأمين حصص (2): 1200 ريال. [الأرقام تحتاج تأكيد إضافي].,0,منخفض الخطورة
2.2 المؤسسة: مؤسسة [غير محدد] التجارية، والمذكورة بياناتها التفصيلية بالتمهيد أعلاه.,0,منخفض الخطورة
